"Id","Class"
"0Z3nQDPiU7LMEesmG4TB",3
"0ZAJlqmphO4fjnVB6bMz",8
"0Zb69USnM3qafJTWHCpL",9
"0zfLRXlhm34ASQUtrdjV",2
"0ZHV6acpJ9KkAWPjEI71",1
"0ZiAjFN81BOE7plhCnSm",2
"0ZiQmgtxzHe9v5O8Lf2k",1
"0ZNejapCUtVsq41x5FDm",3
"0zr6vIw74DgVSKXiRUY1",8
"0ZTEyLXaWReMK3rYVCjv",1
"1A7UqoIMrxHgVuW3FS9c",6
"1aAwe4J9VHrsq8uEoZhf",1
"1AFY9HiVpuymkQOeoDMU",8
"1AfYJKywcXSiI6H80nqE",2
"1AhLOsNdHzDPfJrSXmQC",2
"1AhQif5kMPb24RnCmjrg",3
"1aJLj5T8sUYbM2trvX4n",3
"1ARrSUKCbhWeTFyjp4ix",8
"1AvCEkV76rjuYp9aqPbK",2
"1aVxjvl9Y5qNk8GbBsgE",3
"1awKqmMpQUblukHhBy7n",3
"1awXjkTQiJpCeDV7dL8m",2
"1AXEyUDVt42T6ZFx8COo",8
"1AXVt0D9mSU26fL4iFGc",1
"1BDCxE2AMQN9yH6sWdIo",2
"1bgW3y0fFDHBjdps5Jhe",3
"1bL4yiwCUvSOg7tBJudf",4
"1BM4l8DCZmSpoYwE9Qcv",8
"1buWc2A0VeMrkNpohCPy",3
"1BYZOXRoVfhtQGMJnkST",2
"1cB6EdrmebFjAX3QHkS9",2
"1CbXMgAIJtiNLR0So9ul",2
"1cbYnSz3otKJCkijqAWV",3
"1cdtwSyhmiekLoH7OUEs",6
"1cEKCiXn0hLVeSk2dDyW",2
"1CG2F537YPzwlraIoykc",2
"1cgZSaQIy6UBTAqsdX9V",3
"1Ch0ZFDqT9PzkGbSeyEV",2
"1ckp5Ye83yzjIilWQCfm",1
"1cP8XiEvMd7tg3rJmnAj",3
"1Cub9LvOgMWkQqs3R2ef",1
"1CWtrEfORZDj7psmnToA",1
"1cX2xrbYwzdaM4mWuoCl",2
"1d485UYC6qhXKrAcDJPZ",1
"1D6IwN4EdfHtalYJuA95",3
"1d79vVgNkt4fMjQELaw3",6
"1dFAk8YzcKO4RVmsaS9Z",3
"1dhuKsA0t2Dnf9qNQLjl",3
"1dJWqVSQnsAKBXNkgy6j",8
"1DmFGLjAlhPwn4yEVteq",2
"1DNWriJEg56S03yvjTBu",1
"1dxLT9no8t6fbykXEJiR",3
"1e4vEcCMmyGJ3wrPXTq8",2
"1e8SrDV6mBgLUJQXOK2w",3
"1eAC0zqkIGHRBvm97P6i",2
"1eCQkhvgDSFNXYLJbAdj",2
"1EDNRfXhHWl7txAOdycU",9
"1EisIfzGOTX8hKaFH6uy",3
"1eJx34l8pcAFvMuOwrjB",1
"1el4qZPVwIXavrChcyGp",2
"1eOaAY4fpV38LIdhxl95",4
"1ESMN0Gc6wRmC9BFPjWy",3
"1esMpo6SAPHiTUGEb3Bt",8
"1EWLhwV47I6HYktzXsmS",2
"1ezc5qf2alj08CsSw7Er",8
"1f0427Tk3POoeFMpG9IR",8
"1F7jeznmCoiBxNdIKsWT",3
"1FacC02JPfxSdXeD7MEw",4
"1Fe4Dk5vSltEWj3Kpg97",6
"1fJqS7HUCEa6PYx0ZLc9",3
"1fJVGN3On0l7kRohcF2E",8
"1Flm7qajnOzdtwBZ29gL",7
"1fMQAqC26xFJIgKpkrwS",3
"1FsfvPlaKG3TpImqOejM",2
"1fZPmkixLgY8KqnOQd5E",2
"1gaQlVW56mCk4NxrRhPw",8
"1GKhFnumAdIeykS3rZYi",7
"1GmZULtOThSYEx4sNWDC",8
"1GQ4lzmoS3P96jkAKsRn",1
"1gQDa4l9cNBbkO7n5IY0",1
"1GqxsQhZ3FutTnbgHpAf",2
"1GRsOmJXetEkqIraBuSd",2
"1GvV8Jsz09wLnje4kSyN",2
"1gx83bLB4PSsYIKCTlZt",4
"1gYyAWCIEbGBJaMHL0k2",8
"1h0FDrPmV7gfCzs9Id43",1
"1h7nkscUw5lDurHXPE20",6
"1hAQV0ebMLSgy4ktpfoC",8
"1hcfvnSGMXEHU94egR3F",9
"1her6tuVWjBkqZPUf8KR",1
"1hex2VAaHSC6lPv3ILOw",8
"1hfkVAzp9jybt7YKEBrF",2
"1HFt83wrBnSQu7cP2WZy",9
"1HJhGL4zxVvcI2se07in",3
"1hK3zVxBGXmtTP6JlHwb",1
"1HRWOczEX65rYmMiZ2lv",1
"1hvs5Z9VJaFmwSDnxi6u",3
"1hzZA7JPylptLbxKYOmI",9
"1i2SThtkCGEplHeoJxqI",6
"1I3Am5YxgsXpDh6BLHTz",9
"1I3EGeyOpWHNtYjLvnk5",3
"1I8aJRE7T0igPZHWCvVQ",2
"1IbqA5sdXj3P0CMOGmiE",2
"1iFYGHfzdnCJRXA5uby9",3
"1IGurl3q9bJQ7pmtMD8O",1
"1IjdZ2HuarlMYEBFbTCK",6
"1ik3ncdBTYIJAgfmjpwz",1
"1iPIVbHFlw5Mcyn8D2Nu",2
"1IpWLz6eyhVxDAfQMKEd",5
"1IqjvX7dTxCu54M0ylBE",2
"1iWpGIDVnJEaTHR8QSPL",3
"1iWTJCzlSZgempU2xf04",7
"1IyCi4PMVRA9ULJ8ZlGd",3
"1Jd0PTkEWtKcyCSbBD6H",3
"1jedHW3Pu0SGBqv4ytO8",2
"1jex6QUgvfsViWcLJdX4",8
"1JiaRhjycfZb8BpmX4TM",8
"1jinhWv67o4ODebAw5Q2",7
"1JPWLhrtsalBVpyGSKw5",7
"1juBrXlSObsai4No5MKL",9
"1JuwbkFyUg7T6KfoNEjp",7
"1jVu03Y2ixQwsezOBXdn",3
"1JzApr8qu7Cci5LT23t9",1
"1JZBS8ICkPflYzXbOypc",2
"0rgudc7PpbexCtBjNqWF",1
"0sLBvJeYl5UkiRzV1atI",6
"0UcDbq2yojiThfdLRNS4",3
"0W1RChtwZvj4Qy78GYUJ",2
"0xLRN4DuvoCGbjIFQKYB",3
"0YRDpBU67WrqEugkXlnd",1
"1aDvVlWtPApk6EuKLdCG",6
"1bkniqgYzRMpZ2S5JBAQ",3
"1ctXu0GAOqj23STKWV7s",2
"1E93CpP60RHFNiT5Qfvn",1
"1FAxSngsym35phwROGl0",7
"1gtbK8Nhsx3ICnoD9BXY",3
"1hToAGU8YgHQxfVONLqJ",3
"1KCvMqIFUoaB6wfOc2xQ",7
"1kfhXMSUYKtn7uciR6HV",3
"1kidbgV9v0BlxInTYfsJ",8
"1KjwODdhC3VxA4MSLbFI",2
"1KjZ4An78sOytkzgRL0E",7
"1kouSC7XqwfbyQVWnGZg",1
"1KozfUh5ri3ngNCGH098",3
"1Kr7OBDtVilgTNXRAbj9",3
"1l5V2AwZS9ixLMmecCkp",1
"1L8Wt9XTV3pInwaqiobG",3
"1LE6uK9BdgNXIcSTnrMJ",1
"1libdFwcBaLtXRCmMZGe",1
"1loLEn48jqmNfpudgGXI",3
"1LSYgNjTd3GmlvRMP5Do",3
"1lWSeRJfOo0X9xqC67si",3
"1LZcKGIkna9HU7vXl3YN",2
"1M9k5toHiWfZcLzrdFlw",2
"1mCvIc0K8Gd3P5suXTRM",3
"1MjkqlJ7L6EoAPXb2fKV",9
"1mlhNbQOFU0VtAP8ZJBk",8
"1MnbpHvF3KGLS49yARaJ",6
"1MQI2rYz86Sbxa5WhCFG",3
"1MsThSACGflQ7u8cp40o",2
"1mStzMaQ8RUVBx7TkF4o",1
"1mTVBq2nUDktewXxNH7W",1
"1mZhRcBEeiGd0aDJw8CO",2
"1nfCmTztiuIMUsr8Eo7b",3
"1NiArstKkEmMf0vjDd7l",7
"1NpWfIMxU5ebEJHBAv2G",3
"1NSfFQ28b0TDh5YGnLeR",8
"1nsIO2yMfHuVcFxY7Tlb",2
"1Nu6CWGKlM4Xgi2x9a8H",6
"1nv9wldWsg0fU2hEcKb3",2
"1NvKF7pMREf4iVyzZewr",8
"1nyRDJYtOrpTEI3CmGHf",2
"1o2t0KwOIqHdhYCcPAfp",3
"1OayZHFbz3tPBE5XNkcS",3
"1OHzGWXBTlpyVsIPK3kj",1
"1OicKZzbGP3sLDnhqWdv",2
"1orTCt8q4V5B02mzRN9p",2
"1otbAhISV0yQ7vF6zndx",8
"1OTMQ5zCn6hZGPdBcEje",2
"1PBLNzoZlUuWEvAt8MHq",9
"1pbue49Pjf0hxXSNlnmH",2
"1pCDZ6lLytxzQOKYXqe3",2
"1Pcq2sTQEV7r3gBSwFyU",2
"1pf8sevSo3OYJnhcZX6M",1
"1pfyGlxvBcaMTNj3VgE9",9
"1PGWZqdnurksDEYgbB9X",3
"1pjg7bvn9oxqzCOPN2kZ",8
"1PNSFdXH4QYaky5T0n8Z",3
"1PQFYMSBLAO9TmKk2Zhj",4
"1ptMdWPB4IvREzafL2S9",1
"1Q7DXjLweHO9EokGNWiI",3
"1q92fF8uKHitWlaIkXzQ",1
"1qaYEkxde2fFuKv6SRsO",3
"1qtPBkfg8NicIxdaOXGo",2
"1QTsYc7DZ2VxmfJFUXhN",8
"1QuMnTw8zc3oWLSZ4KXt",7
"1QwaNAKMEpI9kb0oYzuJ",3
"1R0pmNFb5znDi6aTVeZt",6
"1r6oKe4cpzuBjOYIhEsL",3
"1rbXZBI9R3EleQDH74Sk",2
"1rc8uNR5MiqVm6Do0xSH",6
"1rCGTyze8Mqbtx49fQOu",3
"1RKde4WYoA7c5N8lEHtv",1
"1roh5Aw0ELDKyeu6GkIt",9
"1rpACyIiMJjE8mxc3NK4",3
"1Rr0hWX8Qz6nm3IgYLuF",1
"1rSPXYcLpO9HQWwGz8fi",3
"1RyBhpeVSJd96rZkEI7w",9
"1RZ8lSpEKcjaUru5k6Jb",3
"1S48g5NjfO0arVmqcoU2",8
"1S9ui2XqltCJAOGUPw7v",4
"1sBx73EF2kMvHGZtNfSK",2
"1SFK4QHeDoOz3AMJ6bfh",3
"1SH4t9y0IAoE8QP5NvXp",1
"1Skcwz5YxWihMqIyt30X",6
"1smUAv6epFKI7kbR3u0G",1
"1soISvrO3ylkfmuaq2UG",9
"1sOzen4EwI3a2UkSJmT5",8
"1sqBw5DpJaRkx4SlQdLY",2
"1sVJGxyIi5AYblaRtu4e",6
"1SVleInitNjxByvsFbdm",9
"1T3m7BMCLXpu9JjyKH8R",2
"1TanJreGOmNDozP5WQ62",3
"1tBWqEHyDjQpKrGg5ulh",2
"1TieqSEpxIa6BmcGFsvM",1
"1TKPznCeQg9cHYflavwb",1
"1TLN456WuaqCsDr9pv0z",2
"1tO3IYLhvDx6CKoHamQb",1
"1TVNfZcvR09FtU2aPdxK",3
"1txR5rhb4MwNvXuPAFpz",2
"1tzCLRxMuGS0yKI3lj8c",1
"1tzipfyUJACXjZYPBud5",9
"1u3PmQiD0bX6RcgoCNKe",1
"1u3qTGiRvckQZW7dBY58",3
"1uCWzmkyoKRNPS4XHcnf",3
"1UE8oOGSuImQZxeXLyK0",3
"1UfOQcbmP40I298aeCpJ",6
"1uHZOdS3zTnrk8jXUQ2i",3
"1UJIV2ntdkuWgzvFr4pm",2
"1uL0bOdvywrYSTBphUZg",8
"1uNTL24yHl3EVFidSzUA",9
"1UTZYe5EDXVz7qvomI4h",2
"1V2h8lnzeGiuxmHR9k5Q",3
"1v5SAIfct9srqh7p8JHL",3
"1V7jotm35ZqeHdGcTrPD",3
"1Vd3xZnQl87fbhPoSYJ6",2
"1VDamNFKYErzIjbfxRh2",3
"1vhszDdnUVgZ9M5kRYQx",7
"1VMhvfCS30zbeFK4UZxL",3
"1vQKJIkiBaTVxc5uYCZW",2
"1vuJenm9cg2EtkNBwOUo",3
"1VWsRMXwKY6LgUkZnxpo",2
"1WCXg8qEtJFITMilaf6k",6
"1wf4Y2XaOmlyK8VNTDBn",2
"1WJXH29t4FmdcLBK5DNR",9
"1WysH96E7LwIYafNrmO3",2
"1wzULSbfxGolZhD4XIAs",9
"1x2u5Ws7tzFRAgyqoJBV",2
"1x3vgOGJuyRpnhfU52m8",3
"1XgEYavLi9R0fV8BxHS5",2
"1xGM8wcYTV4pQFhJBd2f",1
"1xhTCaBpdsUkSWNr4fg2",1
"1xiLno6Ef3PVlCT0kUde",3
"1xquodIbFvtDVp6ASGin",9
"1xSW8f3MoVAKsjTCmE79",3
"1XtkeS5VmHTrwaRGAzMh",9
"1xVIAaOrkQePGlBLpMgs",3
"1xX6oSqvPDVs0AdlI3iB",2
"1YAFzJjOeKUCc7pubM9q",9
"1YBJRhWOvlpHx79EMf2I",8
"1yC7BzWHgtI2FibhQ0km",4
"1YhJFKP0mIC5e6kD7iqS",3
"1YIJUZv2wtS63gf9es8p",3
"1yIvRAMqz0K6xXPBZfQ8",6
"1YkSNHcbq4y0ofMpR93Z",3
"1ym2nFJUvlZ4zAYBbwa7",2
"1YnwQBXNIKPzcdGWxSA6",3
"1yx5iQYgClzaUEIPdLJF",3
"1Z6W8ERe03jfg7oICwiF",2
"1Z9IPyxXu7q8VlLTRHNG",9
"1zb0rkEtweXH7ABuqoM2",1
"1ZfKbU4HjtQIpoElzDTC",2
"1zOQywEgDm4CquxkWrJd",6
"1zP8Fh4ZWpELUrXB7Say",9
"1zVtBw2rdTN9j7a4xZE0",8
"1ZYtDkrdm9yVLpeU5cSJ",3
"2A6SgLfdzGEopT7XcQhD",1
"2aDRThoversxwf5BSlJj",2
"2aF7KXAph6mJnM9IbENY",3
"2aHfrLhcPTj5GnFZXUCN",5
"2AHJPvRrMdu79hmoQWOK",3
"2AkLpJEONXZSefoC0BgQ",1
"2AloO4fCXKL9DnYdeQUP",9
"2amRyMxPKTXJwibdWHu8",3
"2aqbztXhp0QDeABEGLrV",3
"2AQpEOl4YqBjzMgcFe8a",2
"2AzTFLq1HeDJGPIh6d50",3
"2b8y9vDX0GjJnC5qtcom",9
"2BcVLYAwvCqM37U6bkj9",1
"2bcyFiRa8zKBolCGZSvO",1
"2Bd4uWfoseKRLOF7ngE3",6
"2bdEFfrZnB04XGIDig3t",6
"2bdnyMU3XQlIA5grPeZm",1
"2bf65CdkZTUGXjzq9KNJ",2
"2bGNC89glvMTi6ydPt1S",3
"2BWnr5UAQ43bEg8tKJ0y",2
"2bZlmksaBHeNDVnf9PRx",8
"2cf8jvWxmkMu6s10zbqN",8
"2CfJMa5HIn6D1d9EXbpe",4
"2CG9IWLp3BJcZNDVtFio",2
"2cmq9yIzWOA8apYwRekT",3
"2cSHYRJ7p4jA3O8uM1qI",8
"2cSXHIY6r89uUvsZfqzE",6
"2ctFLBsIi5wEPAuXKxZv",2
"2d1DA6k5BE0H3MzRXv7w",8
"2DbfJX4WgzP0R8BwrHyS",2
"2DBKbxPnVCyiLzqAHU9c",1
"2dEMyoGL3sIO8NVu1r4b",3
"2DgdGoeOqlNtxMrTnEZP",2
"2dqWPx6MhJZoY37vL1gT",8
"2e5P1iKzXugGRBFfOEnc",6
"2E8TYK3xVP6RAvItNej9",2
"2eA8avWyDsI5h0Zrcl1g",3
"2ec5nrOmxDFqKTf3pYGA",9
"2ECqL8au6iS3jNJDoOdn",3
"2EcxbOXKTpYwm0MfkJUz",3
"2ed6iJbogAU8BIFKkQ4h",9
"2edniWaG7lVIHuAsN1MQ",1
"2efsFypAKd1kBN9q8V6t",3
"2EgZDWKnJV3Gz4TkIiYU",3
"2eJq8SOvi1Bs4T9XNEj6",6
"2EkHfwNj5o7JcDq6UzuG",3
"2ENGLoTqp5wy8YQcSUxK",2
"1KB3Z7gd5aN4Xmx8W0sf",5
"1lvtjJOrfDVkE6IxaUsc",3
"1nLqk0H5NYdR4OiJ6mob",7
"1P6o3IJetcjyL4pTaXqi",2
"1QHbFGR3qcur6aWZw0Jk",3
"1RX4GxMFoCJUDvslqBaP",2
"1T0BWPoJVtNFzsycKhlr",6
"1Ue6El4YDMXcVmBsqkoF",8
"1VOdRYq8jv3wtGMTWZ4a",3
"1XKY6TxM2eICFymS4AsN",2
"1YSNBUsrXKc3hWq7IayR",7
"2AiNV4msBIWd51whz9Xp",7
"2bwDkqs87r5IES13WLxM",3
"2Eq3HXCP9O6JulmS0zY5",8
"2EQ7bhH8pDCsW45djNeR",3
"2eqnSQrGfCXupwkDtIJ6",1
"2eSoCjQzDri3E0cuxUYb",1
"2F5DOMVLNGfQKePHdwru",1
"2F6ZfVCQRi3vrwcj4zxL",1
"2fBiOgkxcmrHRInXwVWP",3
"2fCaW87gq1DlA4voSUjG",8
"2fCDHQyzxRZgsY5PWLEr",3
"2FfmJdWv6RrIjzYhaKZ1",3
"2fGKSL70vMkXTuDg4FtE",2
"2fJyCR49hpGrWIZ7F6tH",2
"2fl8q7dsoC1PwApx6QNg",1
"2flIW834uQtoPkaBsJxY",2
"2fmDnKjO0Ev1VYc4MhPs",3
"2FpVtbaHJWAG0ImwTzxU",6
"2fsOxnz0hDMp6Qt17PoN",2
"2g4C03AeqoZR6ctiF1Qr",4
"2g9xU7Md0IsoLb5f4QPR",6
"2GIqt8Rpx7uEHrWCdoNg",2
"2GjiEfvtJrInW9wOkU5e",8
"2gMFLJAaNEkx7oWRwl54",2
"2GPmRJEgDjHqoT7YN9M5",3
"2GQfCOYtRbzWyov6rhIc",3
"2gUPy7nNQD4Fjkv69ose",3
"2gwSoct3BzRUvajVeCLu",7
"2gXZWDA3VeTPr1I7pjYa",9
"2H0bSg5eIqnYLrNpsaAh",1
"2h8eQTGO59HyJ64WtIVL",3
"2HAvl4QhqKBGu8cWedtY",9
"2hbQu5mW4CPsyTgieHOr",3
"2HesW5JxQNOGSIUubRzX",1
"2HNmJG5tcI7aXQsnuvpk",3
"2HO7PmwTKCZr3t4BYJVe",9
"2HqSerDI4yG1WRxTbl8w",9
"2HRQ1j0Dx3fv8Ad7n9rg",8
"2HtAZBTbmReIGCUkqfh6",3
"2hTrdmFwQlPRMXUcyA3E",2
"2hwAeJRIM54fmCEaYdbn",7
"2hziOB94QdKyeqAXo8pM",2
"2i5N9Ftj3xoySflKzbAC",9
"2icwOdb5xCshnIvMXfy4",4
"2Ig4GdWcjlOLQ9YEz6aV",9
"2iJ4HWSj08ndUBFZqTa7",3
"2iKeU7DIk9Rdyf4hc8vr",1
"2IOMPurW3V9GQcbh08jE",7
"2ipXFC47Umax9kQfgcTe",2
"2ISirUkfPhltjXVQ86Ge",8
"2ITFtqynN5lOsP378RaC",3
"2IUJrWpZ8tboCh6O7aqv",3
"2iXg1l78rZEW5YVRJyv6",3
"2IyqEP09z683Sx5XWmao",3
"2j4t9uRGXVnsH8hxEZi7",6
"2j6bnlrCgNW9cvm0KIMH",2
"2jA0Zpk5aetMqrz6nswK",3
"2jf7mkt8YCUM3AriKVas",3
"2JfpcM9ACq4XatFLho8z",6
"2jHV3wyk5aDGBs9SFCvW",6
"2JpSgz3vxQqm9H4EIRhV",2
"2JpYoHqMfAI5jnlGDgFs",1
"2jSxktyUYeWKChNocI04",2
"2kjJp4LQZsyxwquaB7WA",2
"2kKae4J5IY6LWtTv3bc1",2
"2kS0UbYlHrFLP1EGwM3C",3
"2KukNP13McOI6AH0b8op",9
"2L5fIAXjYka3yrmJHswR",2
"2L8o4lH63UGR1hPEnztQ",1
"2L8T9IgSrJs7mlF5PueZ",8
"2LEOmN89p57jGayvcXet",6
"2LeQVofH8Jl4da69AUxk",3
"2LR1cT43f809ZG6KUd5l",8
"2lUahz5WrDpB6ejTcYtL",2
"2lv0CPzQVLwtcAKZT1FB",1
"2M4c9artOHkgiC6dRjfX",2
"2M9jHWhCOGBtY4Jbsvcy",1
"2mBVr9lk6YuoNQH4AxvT",6
"2MgFXNYimTJpIzKVE5wn",2
"2mNqMtbkL87il4gXBPHY",3
"2mQdaBHoJEe5UI7ZAlzF",8
"2mQdWY1BRCsIZTPGAlSc",3
"2mr4LP5vBhsUguRCNlyV",3
"2mxSawkpOF5oK4gJGqTV",3
"2mxzRY0nGXtkb45lDrqC",3
"2mypfAUu04n7R1PBMLZq",2
"2mZqzjspRt5Xy4B9f03L",3
"2N4ypbcWovSjYk0TiZQ8",3
"2n8uBGd0wsYvgz4UfH59",9
"2NakDPd4GWEwzuHhTx5o",9
"2naY3OZxS1g8HTqE07ew",9
"2nBdD7s8Kklrtvm3zSow",9
"2NHmrIL6Gyut0hfQDACw",8
"2NlbHE3LTPkmvV1COSJ4",2
"2nNeZpSmwzACDiljoXM0",4
"2nqWjb58uFIORHeyCrkY",3
"2nr0GTSxN4zKobZqwpy6",6
"2nTuJ7exWyqDzEIc0SY8",3
"2NvEQCbmDXczPtxO6MK0",2
"2NYAUVgtXPpbJzRQO7Cl",2
"2o9qPQI3SL0ZV7wirTAO",3
"2obDBHNAI89aSGFfnYZP",3
"2Oc314s6WqFiIAd9yHN0",2
"2oHOw4StzEV0hiKq3ByD",1
"2oM4SOUtRKpCVxlXEmeN",3
"2oMjFb1UfIym9ZgxDPqG",7
"2ondxDIwf4si7URbH1ZJ",6
"2oNr9HV0ZTJXay81AFDt",3
"2oPaLFU6SQDdZ45Wu0EB",6
"2oUnGI7b6Cr93eESp0mB",1
"2oUq3FLziRydvHSXM7na",1
"2oyTpmYF4tSuBH9kXQc7",1
"2OZkNTqAJ8X61eK4pjhR",8
"2p9Dqri6aAzO5yVhQSLX",8
"2pdHWrsICS6VPXhfyEwl",2
"2PESUlOCzXpa46su0DeY",9
"2PFLzYNrp1d96DAVQlIk",1
"2PKeuzXhpxc8MU7HZyIW",1
"2pNwfLHYoKcWBzimErGS",8
"2POsRoLQDjVz89qgSpnY",2
"2pwjzv6eGEb8QmHPfxSc",5
"2pyCH3bsa08OgiokhEYJ",2
"2PyleKgax4UEbIQq1MLD",2
"2pYN8FCaQDlyRA7xOWsP",3
"2Q3O0EUydTbhDIxVAztg",2
"2q4R1FecArLBQfzSw9H7",3
"2Q94lEwIimV0z13xXNLY",3
"2qAtoGOuMQZdmH3y7bEY",5
"2qgetG9lN5EZdfQXH4a8",1
"2QJ6Xc5LRmWZkdnVBtoM",2
"2qJP9B5QlxeDECIVzLo4",2
"2qk8R3jeQvKzsMp0iGT1",9
"2Qn5kEMv9rXOHBaVWsYf",1
"2qpZmcvFs4LCBNi9IX6H",9
"2QrbygLtTNwiOBfpoGCv",1
"2QSCLlPU3ZsVkXFenufD",3
"2qSURceVYgQEhOFAdPXC",4
"2qTFb1xySrO5Z0UBlhRi",1
"2quKIVYh3WUe9fs4FNDL",2
"2qX9uPmI5pM8cowCHOJb",2
"2QYaRbl5FupqTBEtMrif",9
"2qZrQoxyYDeadjIp3mSH",8
"2r0EQuyUfz1k9BhPgpvO",3
"2r0UYLcKCxnRovpj5dlQ",7
"2r45O3Hczp6togVfAJBI",3
"2riyIFwQHLl3GnakxJEj",1
"2RmXnKGVYksyxd89fTMU",2
"2Rn8XiSKtxyT6CvljuQO",2
"2ro1jNXETKMPhbUzdelp",9
"2rRK7lxiQhSD4B6a9uEI",9
"2RsBPMStVQNc7x3kgYde",1
"2rvzoQwniG6SRm1ybZ7C",8
"2Ryi1HVUPdwNxuMebWOX",8
"2rYVwIn9AyDjRPBXu7H3",3
"2s8QiutzMXLBcIlyHwkG",3
"2sf3AQd9MjP1xcLFRYyo",2
"2SMiaYAztwhCREWfQlkq",2
"2SnRYbpqifxILdT4Wg9m",1
"2SofB197xJ3CKhuiIWVQ",2
"2SRWXLQomgJyliq3G6BM",4
"2SuEocCLvdekmN1jJFzI",9
"2sv7DuVoamrNGYISKzxP",1
"2SWx845krYqTjzQGstVZ",8
"2T9zBqN60tJEQmOblyM8",1
"2TaBCxc4msyVU5YDRuOd",8
"2tb9hEeGUao8nTrIplZJ",2
"2Te7QKFCEJPy8wjB5Y6l",3
"2Tez8wVK95rGRuQ6BNvL",2
"2Tlr63msziCjLuBtvZDa",3
"2TqmRPjbWf36enxUDGKQ",2
"2TtDCQBqdnV314lNMxSk",3
"2u4RQPDJzrflTwqI0taY",3
"2u7gO3U9chnEMfbP5oaF",2
"2u9mZjidrEhnAN76Jb8K",2
"2UBy1ZDIiOxJHNnX35Mf",7
"2UcBWPt6mf8dohDsYxOR",2
"2UCjXPzG97TAEsVghnlu",2
"2UfwYHR03ZMokQgFAzqt",2
"2uKJ96CnsBpH7LqWVOTD",1
"2uPwGIAmqLodYFnNWBa0",9
"2uRxGAsyiWeOE7apNgvh",2
"2uwHk0ITbfVelsUgRt7o",1
"2v1WwXSQbf3RrN4eTG8l",7
"2v5AchX1bsjnKpGg6Vdm",6
"2vAZ5dpB7hzci0V9EmnP",8
"2vdQBJI8twlfn3grNmsj",8
"2VEsIiQxy5a60hwGAolT",3
"2vfzAkDRd5PYmSwVqWx7",2
"2VhINMP4oKmsnjZkY38U",4
"2VHnal41dt9Ar0EhQSjZ",2
"2vN1Rihuanrg6UZoQqxV",1
"2vQgFHCYq9wfb8GOV70B",2
"2VvzfnrS4LiIEgCYws1J",8
"2VYOsEQDxLRHn0jIUzF9",3
"2vzlFiPL03STnwtDhoCU",4
"2w9vSPLphY6jDmQlX3yb",1
"2WabDISz1fTxFnXvekm9",3
"2WBAlcgeu4zZbTNy713v",4
"2Ep7f84CvJDn9NwMHBPK",3
"2FM7DbSIHweyXBx8UVNQ",1
"2H4xSOLEzJhKATZ5orni",2
"2Ie0uQ5UtNfjKsizqSGD",9
"2Jfm9sAlG3DWCI0cpSYw",3
"2LfPBwRadN3TulW86pvO",8
"2mYSX6J9Dd5lkpLuNMc8",4
"2O8w7LMDfCgRhnvNuetV",2
"2pBx4KMDEatfyGFwoqTO",2
"2QCUzf8vh6JL41dZmSNg",3
"2r058PRy9dg4IL3xEn6k",2
"2sHzcQk5T1UExobShRmF",2
"2tqQkycVPSxIRGuW3wnh",9
"2v8l9FWbJZg4G7MCNB6r",9
"2wCPm7giSGuRejqFU0BN",2
"2XiGfo95mCALRbu6KzVY",4
"2YiILGOvJNDhl8Acw1r3",8
"2ZPDI3tv7UdhkfRWu54L",1
"3AS4rfoQOLUYWzMBwhGp",2
"3CMI1unj6fD7glo9rxHe",3
"3dTW6tCkHoQyrBAc2ZmF",6
"3EzMAgjUT5qkPRJvOYhS",1
"3ftwoRhscPpNCxdlIbrU",2
"2WHevmqLEZAb5ug3I7DN",2
"2wIHgZMUrG4JBNf7ovxQ",3
"2WkGMV9mKJrBAOZL5zdI",9
"2woOYK65vEk9LXrjDxmS",2
"2WVTfRnNabH41C9dqzDB",3
"2WxJSgf0GbH69yBQt3E7",9
"2wxRyP0giXLMC4daDunr",2
"2wyvEnXdNFbxaAWr1Dok",8
"2wZdP0yYzleC73s5WG1m",6
"2WZUxR417IeGpiFkEYDu",1
"2X3tMeVL1QZ4WJmdqkUz",3
"2xBS6FcCR4MfrW1idQpq",8
"2xCQWIzZGDP9fTbidlqc",2
"2xeFtR57KZvX0JndE1rH",6
"2xkoYzhi0RMSad95G7Pg",3
"2XL3TUHZNYkuvS0n5KpC",3
"2xlhAE5LO8RFfczB6ep3",7
"2xmv5zSqBlakorbUw9MJ",3
"2XnTALlRBbSxQjo4py58",3
"2XoqdSMTgrZKACjPynfW",3
"2xQalME3fIsHzjc7Zo6w",3
"2xXOy0GfquKYWIpsPa3n",1
"2xysDc6OgM8z9KJ0A43P",8
"2Y8yNd7pfDX4l3qacwEk",3
"2Y8z5kBNOFot4rAVn3cK",2
"2ydtPK1XCYeBqwSIcRGZ",8
"2yeOFAbBQo7CIL9WzJP6",3
"2yI8fF9vgTcO0Dr3PdsQ",2
"2YNFrzjaecyUInXCDVmt",4
"2yqweuZUFLQlVj54MgY1",9
"2YRS507CXWuiFkBefsvx",9
"2Z0Jfu1Pd8Mq7xXNSDct",3
"2z8s73BXN0wqjOUdtJFD",2
"2zGVAHuM3lhXJjonTyg4",3
"2zhCBgyKOjI10uYixDAZ",1
"2ZI9SdMvc7WAXK03nPyu",9
"2ZkEC4YJ9vO1dHy3Nb68",1
"2ZlLcMw4Vkim1pNYXj9v",7
"2Zlt5IE9yexj3QM7N6cP",2
"2zN5EbfhwyZKgGodjiQu",6
"2ZNUOyAMv67lcYPoetkR",2
"2ZoTE3iUtwFfuNAYlyOk",2
"2zrDU8tlpNjoWaisTeK9",3
"2zsRpvoalS6IugTWJXrF",3
"2zsVAYPQrf3GFoD5JhC0",3
"2zUdQEyv5oKARaYGxhXk",2
"2ZY5e4PHsEAvkziQGFR6",4
"2zyuIDkXNCwY0tjdTqfH",3
"3a0lJWnNRb8QIxVHALGd",3
"3aAduIoFRi8fj6Q54xNz",1
"3aC1EztfpUXIbuyi8sGP",2
"3afO9NUdwDyT6IlAm7gk",9
"3aisrYOcQetkUqnfvp5K",8
"3ajDbkt0X6TLUuHKYZhs",1
"3AJgNPo6iqT8BeODfxHK",8
"3AnwI4dqXDW8PQ7ijCKm",1
"3aUTHQpJqC8czb1yohmA",1
"3AVbapKO2BYJTqtfMv5P",2
"3b7cK2nPtTHIQ658wsYk",3
"3bapyeGYC5Zot4Sm1NOd",1
"3boTYd1KBgOPIL5pVvkN",3
"3Bsqe5aIEWKZvOjXmox9",8
"3BvUgVpnqcCrxJ4tWioG",3
"3BwvQWhe4kXgPqYrKLCt",9
"3BX24l7nid8KpwzJr1bq",8
"3Cb9mdkictPwsSOTKUIY",6
"3cCfz9Atbl25TUXm0Y6S",2
"3Ce9LP6ngx2uBtSyczRG",9
"3cG5wXTa8pRN7ObFtE4K",9
"3cLxp0USf758FCdWIMeb",8
"3cOQWb04rxmgsYS8nfNK",1
"3CPhpEu8klwsgLmRMeWx",6
"3cVtgyQEUGxJ6n9Rksl0",3
"3CwcNOpIWJsBERGPHVkr",3
"3CWgqIP4MTAXY0Q2ef7p",9
"3CyxQdJhW5trsfwIz4ik",1
"3CzXANVvEmalqJLBuWbH",9
"3d0RlfbApTZ7gUcz9uiy",8
"3d2x0BYR7aiJLfPNsbgo",4
"3DdXogfvmHaRBNEJFjby",3
"3DfvjbGBnePmskyhpCT2",3
"3Dm4fWY9chQxpnqAw5XJ",8
"3DPkmSKTydJUFQ19Ol4s",1
"3dstJNajYRkxEV4g0nA6",3
"3e0TBEVcdHMa57Dh1woq",1
"3E6cAGWj4YTUK8Zg59pH",3
"3e80boJq7OFQ9CcnauGp",3
"3eaqPVnAvws1lHzX9GhD",9
"3EdJ5pSORwmeINfjaglQ",1
"3ehkVHT0rqEZ1Q7lI8Ld",3
"3eHwdBolFKi4PahtXSyg",7
"3ekS6OIvjTVhQsgrqiHo",4
"3ekVow2ajZHbTnBcsDfX",1
"3elSqr7UTEtFm04ZybvI",3
"3EMZ7J5djsBm1cwHhtSF",2
"3eNs5FMHf1IcySgw6QG2",3
"3ESs1rk0uyp9wlGgFaKj",9
"3EvAIU8zX2g96DJj5Grp",3
"3f0X7rvJBx4RQSbUcT15",2
"3f8ms4TX9axOB2zjCQuS",3
"3Fc2OQgjnfUebXqh5HWp",8
"3FdNtro4QOTUVAYg2MaI",9
"3fgNi5Fk1QVMqKBXEUnw",6
"3fgX5GuthkIcJaTvP9UN",1
"3fN5bOwAxSQG2M1hWV4m",3
"3FNOSAujbRIDnZqhmeMo",2
"3foB7xJKrR10XwsT5QSt",3
"3fpBaYXxU91CPZgnsGWc",8
"3Fq0zG8mAv7H6O9nSyuj",2
"3Fq6Hra0DR4YuigChWel",1
"3FQGzMkIYO1EjZiJep60",3
"3FRuYdNiL4ye96gBoWK2",2
"3Fv8npJNEqWBSmi6OxXw",3
"3fxHsVZeOikwBYzM5KCJ",1
"3FzBIgOhHKlnYspCXWLa",3
"3G6jJKRVLzlpoimkvfhA",9
"3g7SToXfidhHqjZ5RJUb",8
"3GIiqFjPozTtc4Kms2NW",1
"3gJ82lOIDrUae5FdNfMZ",2
"3gJDz9PFyZxd2KQmSUtG",3
"3gkZ4wV0vUx8haYiMuq1",2
"3GlD7TZI6F5ExPqHs0a1",1
"3GP9o4eku8XtOhvQ62SL",3
"3GqJEuYK9nlZTe8VtH5j",2
"3GSVkHtglIzQPv78d5bm",2
"3GZL4dcysYpv2MSVOPb5",2
"3h0t6wQAFRlOHK9nfkVY",3
"3hfRptP5gUEqDHlCkMYX",4
"3HJ4foTSEmRz6jXPwg58",6
"3hkdwS62yVIgotJlRHnf",3
"3HljRUIAsgc25iJNBeqo",2
"3HxWhP8eUNovuLEiS0VB",8
"3hYGWBHZ6iJr9X8KxENg",3
"3I8UmNjSvVu5sblAYfXB",1
"3i9xQwF8b4HMzcWZdKgq",3
"3IBKiONtaWxXpQmufSZs",3
"3ICTQcU6ebE5gGptuK8N",3
