"Id","Class"
"0QK142N5HoBntC7RydAh",8
"1iTgmuEOkVaUnhClz2JL",8
"2dHolcmQKIbU1hf43jF9",3
"01azqd4InC7m9JpocGv5",9
"01IsoiSMh5gxyDYTl4CB",2
"01jsnpXSAlgw6aPeDxrU",9
"01kcPWA9K2BOxQeS5Rju",1
"01SuzwMJEIXsK7A8dQbl",8
"02IOCvYEy8mjiuAQHax3",6
"02JqQ7H3yEoD8viYWlmS",2
"02K5GMYITj7bBoAisEmD",2
"02mlBLHZTDFXGa7Nt6cr",6
"02MRILoE6rNhmt7FUi45",2
"02zcUmKV16Lya5xqnPGB",2
"03nJaQV6K2ObICUmyWoR",6
"0A32eTdBKayjCWhZqDOQ",2
"0ACDbR5M3ZhBJajygTuf",7
"0akIgwhWHYm1dzsNqBFx",2
"0aKlH1MRxLmv34QGhEJP",8
"0AnoOZDNbPXIr2MRBSCJ",1
"0ASH2csN7k8jZyoRaqtn",2
"0aSTGBVRXeJhx5OcpsgC",3
"0aU7XWsr8RtN94jvo3lG",3
"0AV6MPlrTWG4fYI7NBtQ",9
"0aVNj3qFgEZI6Akf4Kuv",8
"0aVxkvmflEizUBG2rMT4",8
"0AwWs42SUQ19mI7eDcTC",1
"0B2RwKm6dq9fjUWDNIOa",9
"0b5LqcWix3J4fGIEhXQu",7
"0BEsCP7NAUy8XmkenHWG",2
"0BFIPv1rO83whtpMYyAs",8
"0bjN3Kgw5OATSreRmEdi",9
"0BKcmNv4iGY2hsVSaXJ6",3
"0BLbmzJRkjNynCgQIdtV",3
"0bN6ODYWw2xeCQBn3tEg",2
"0BY2iPso3bEmudlUzpfq",8
"0BZQIJak6Pu2tyAXfrzR",6
"0C4aVbN58O1nAigFJt9z",8
"0cdnSIvN489sFUwYlrMQ",3
"0cfGJLYgE6ROaZH7KT1h",3
"0cfIE39ihRNo2rkZOw5H",3
"0cGWK6VvCkm7O2AxDjtw",3
"0cH8YeO15ZywEhPrJvmj",1
"0co46B8IkPt2UN3HSaw7",9
"0CPaAXtyswrBq83D6VEg",9
"0csgzpwdL3FbZEJu6DjO",3
"0cTu2bkefOAJqIhYUWFK",8
"0CzL6rfwaTqGOu9eghBt",3
"0czUXKSCiGY2j5mxLdWa",9
"0D9IedmC1viTPugLRWX6",3
"0daTri9PSkeEsVHu5Dhw",3
"0dauMIK4ATfybzqUgNLc",9
"0DbLeKSoxu47wjqVHsi9",2
"0df4cbsTBCn1VGW8lQRv",6
"0dhL8Jvcswa7U1qHiDS5",9
"0Dk7Wd8MERu3b5rmQzCK",3
"0dkuzUXLTEFwW71vP5bS",3
"0DM3hS6Gg2QVKb1fZydv",2
"0dnTixlMYzDUpsvEVrGc",2
"0DqUX5rkg3IbMY6BLGCE",1
"0DTp59Av1RLifoKlUdm7",2
"0DTs2PhZfCwEv7q8349K",3
"0EAdHtLDypMcwjTFJziC",2
"0eaNKwluUmkYdIvZ923c",1
"0EL7OGZKozbiNCVP61gk",6
"0eN9lyQfwmTVk7C2ZoYp",7
"0Eo9qT6idXHDMebwmvPA",3
"0evDQX7AVfC1ZTJEKltg",3
"0F4qIHaR7xOrm19Set3o",2
"0FdOaDWrfBU6TqwCRYxA",3
"0fGuCWgTraQ6nEmLPN8q",3
"0fhnXI9ESr4jgWmkiaTe",8
"0fHVZKeTE6iRb1PIQ4au",1
"0AguvpOCcaf2myVDYFGb",8
"0BIdbVDEgmPwjYF4xzir",7
"0Cq4wfhLrKBJiut1lYAZ",6
"0DNVFKwYlcjO7bTfJ5p1",1
"0FKerJl18xOc3jdoyg4A",2
"0GKzFQ81IYXqUWkmfv26",3
"0hBIiRpkMZtoYj3lcDLa",2
"0I4ZVvngsAatm8fzD3pk",1
"0J2pOclDKjadkL57eroz",3
"0KgE6ksUeytoHfl2cT4r",7
"0meUjiuJvODcf3k9z4Iy",3
"0NXFnJyOEhBAISKfiU67",6
"0pLrSeQMbqfCc2IZHUaO",8
"0FOXjzmnD9CUMVcSlEqh",9
"0Fu9oETtMW4zlg1ZrUy6",3
"0fvnGU7dkbr8iEhZuMcP",2
"0fxgjYEClPL1BDbcshzJ",3
"0G2RV1chBlIbkt6JqA5Q",2
"0G4hwobLuAzvl1PWYfmd",1
"0GbMkYlNyt72OzBjIcVh",2
"0gCmlyxw2UJvX7SNOGqu",2
"0gcZkSFr7VnEmLPbTxUe",9
"0gDsIvrylX5fPbG7cSBn",2
"0gHs6DEouiCPAcmWFrTX",2
"0giIqhw6e4mrHYzKFl8T",8
"0gkj92oIleU4SYiCWpaM",1
"0GKp9ZJclxTABMunIOD2",2
"0gL3h5G6CszBV7RSinjJ",2
"0glscKoNakWL84EpunPe",3
"0gSm7QZu5x6MBvVzUncH",3
"0Gu4misTcKynQD2Ol1Jx",2
"0GUIi7xAlODwZ4YBenNM",2
"0gUpzkLVT73PCXx5WFRI",2
"0GuYe4J7oLwQ82xr3pWS",2
"0GVcTdBQXWUJ2t7vjphN",3
"0GvtWEPUBfDAcMbiYVSR",3
"0gWUIudhwovMYb3NSnZA",9
"0gxJ1YmwFUvnOzoM8N53",2
"0H5OFklQm7wAPfE1qaJY",8
"0H63jydvIahOVqgx5Kfo",1
"0hAlkjTR1Q6PewMczavb",8
"0HcZRmLi9VTpuQJCoXny",2
"0hH3JB2wM79lYdsyuK5N",3
"0HICT7RtjaVQzcNOeMgS",2
"0HKFs3AXTt1IrOl52eVu",8
"0HKM38fmCR5DrxoIkBnQ",2
"0Hlm4XgE1cQhC6BkMays",2
"0Hn2ojct97Wp1TbdNM4Q",2
"0Hrfce4X5YGESJPjl9uL",1
"0HVAnMrp1LjKDmuoOJFY",8
"0hWRb28Umdgj7xcXOwtC",3
"0hZEqJ5eMVjU21HAG7Ii",7
"0hZqVRKkw7GfMdpalLiN",3
"0i4ENysvVrgFnbaHUuJK",3
"0i4FNJPQ8GuB3WU56LTS",2
"0iABvIkp3WHfgrJ79ymq",3
"0IAlcuEiP9G6epb71Oom",2
"0iBaz3krsQ8HuA7cGDSt",1
"0icJrNnmPvDqVQkC3we1",3
"0IelgX5H2s14KutkEyNU",9
"0IMUKlZs1Sm8LpGRkWhT",3
"0iS3pwlgJco8XORD4TLq",1
"0isdESDMzq2K8T6FLPcC",2
"0itbI5mjJF28ocTkrUf9",3
"0ItXlAUOhK8ZYdDf7HW4",8
"0Iv6U2hbcP1xeBitW5Oo",8
"0IyaidUKRqnt2PDfOzHT",3
"0IYZltU7uMpaco85PfKr",3
"0iZTHuQ5KMb4RtAlrz6D",6
"0J61YGoWjV25TzxeSluf",8
"0jAopX629OwEH8WPkzVU",3
"0JAx9gzbC54Q61XBrqc7",9
"0JAzwGUKORhFQWr3o1dN",3
"0JBNEWmdi7GptrK5qYD9",3
"0JECiqrVNR1dgj67pZue",2
"0JfwyrEcBqaRzN9TgFMh",2